{
    "loss": 0.36284783482551575,
    "accuracy": 0.8389999866485596
}